{"cameraMode":{"drawMode":0,"name":"Shaded","section":"Shading Mode"},"sceneLighting":false,"audioPlay":false,"sceneViewState":{"showFog":true,"showMaterialUpdate":false,"showSkybox":false,"showFlares":true,"showImageEffects":true,"showParticleSystems":true},"in2DMode":false,"pivot":{"x":0.0,"y":1.4000000953674317,"z":6.199999809265137},"rotation":{"x":-0.13002748787403108,"y":0.5760250091552734,"z":-0.09343709051609039,"w":-0.8015986084938049},"size":15.718361854553223,"orthographic":false}